ID,Customer,City
C001,Ana Cruz,Manila
C002,Mark Santos,Pasay
C003,Lea Garcia,Quezon City
C004,Jose Reyes,Manila
C005,Maria Dela Cruz,Makati
C006,Paolo Mendoza,Taguig
C007,Katrina Flores,Pasig
C008,Daniel Bautista,Mandaluyong
C009,Rina Aquino,Paranaque
C010,Carlo Navarro,Las Pinas
C011,Bianca Ramos,Muntinlupa
C012,Miguel Torres,Caloocan
C013,Sofia Villanueva,Marikina
C014,Luis Castillo,Valenzuela
C015,Patricia Lim,Malabon
C016,Gabriel Tan,San Juan
C017,Nina Ong,Manila
C018,Victor Chua,Quezon City
C019,Angela Soriano,Makati
C020,Rafael Aquino,Taguig
C021,Camille Bautista,Pasig
C022,Adrian Garcia,Manila
C023,Isabel Reyes,Quezon City
C024,Nathan Flores,Mandaluyong
C025,Jasmine Mendoza,Pasay
C026,Ethan Navarro,Paranaque
C027,Chloe Ramos,Makati
C028,Francis Tan,Taguig
C029,Bea Castillo,Pasig
C030,Kevin Lim,Manila
C031,Mia Torres,Marikina
C032,Joshua Ong,Quezon City
C033,Nicole Chua,Muntinlupa
C034,Andre Soriano,Las Pinas
C035,Ella Villanueva,Manila
C036,Samuel Dela Cruz,Caloocan
C037,Trisha Aquino,Makati
C038,Dominic Mendoza,Pasig
C039,Sarah Bautista,Quezon City
C040,Noah Reyes,Taguig
