SaleID,CustomerID,ProductID,Date,Quantity
S0001,C011,P017,2025-01-01,3
S0002,C027,P017,2025-01-01,1
S0003,C029,P011,2025-01-01,1
S0004,C019,P013,2025-01-03,1
S0005,C017,P016,2025-01-04,4
S0006,C020,P013,2025-01-04,2
S0007,C026,P016,2025-01-04,2
S0008,C038,P024,2025-01-05,3
S0009,C013,P018,2025-01-06,1
S0010,C030,P012,2025-01-06,1
S0011,C036,P012,2025-01-08,1
S0012,C001,P018,2025-01-09,3
S0013,C025,P024,2025-01-09,1
S0014,C037,P016,2025-01-09,2
S0015,C035,P012,2025-01-12,3
S0016,C040,P009,2025-01-12,1
S0017,C033,P014,2025-01-13,1
S0018,C012,P024,2025-01-14,1
S0019,C018,P017,2025-01-14,2
S0020,C030,P017,2025-01-14,1
S0021,C023,P016,2025-01-16,2
S0022,C010,P021,2025-01-17,1
S0023,C032,P012,2025-01-17,2
S0024,C038,P006,2025-01-19,1
S0025,C017,P017,2025-01-20,2
S0026,C024,P025,2025-01-20,2
S0027,C030,P021,2025-01-20,1
S0028,C004,P016,2025-01-21,2
S0029,C023,P013,2025-01-22,4
S0030,C028,P012,2025-01-22,4
S0031,C030,P012,2025-01-23,1
S0032,C004,P018,2025-01-24,1
S0033,C008,P012,2025-01-24,1
S0034,C003,P020,2025-01-25,2
S0035,C027,P011,2025-01-25,1
S0036,C005,P002,2025-01-28,1
S0037,C017,P011,2025-01-28,1
S0038,C018,P013,2025-01-28,5
S0039,C020,P004,2025-01-28,1
S0040,C002,P012,2025-01-29,1
S0041,C005,P016,2025-01-29,3
S0042,C022,P020,2025-01-29,4
S0043,C039,P013,2025-01-29,2
S0044,C007,P020,2025-01-30,2
S0045,C025,P013,2025-01-30,2
S0046,C030,P021,2025-01-30,4
S0047,C022,P016,2025-01-31,3
S0048,C038,P021,2025-02-01,2
S0049,C018,P004,2025-02-02,1
S0050,C027,P020,2025-02-02,4
S0051,C029,P009,2025-02-02,2
S0052,C037,P013,2025-02-02,1
S0053,C039,P013,2025-02-03,1
S0054,C013,P018,2025-02-04,2
S0055,C019,P017,2025-02-04,1
S0056,C006,P017,2025-02-05,2
S0057,C012,P021,2025-02-06,4
S0058,C017,P017,2025-02-07,1
S0059,C024,P012,2025-02-07,2
S0060,C040,P016,2025-02-07,4
S0061,C001,P005,2025-02-08,2
S0062,C003,P013,2025-02-08,3
S0063,C002,P001,2025-02-09,1
S0064,C003,P020,2025-02-09,5
S0065,C020,P012,2025-02-09,5
S0066,C029,P013,2025-02-09,2
S0067,C029,P015,2025-02-09,2
S0068,C039,P012,2025-02-09,2
S0069,C021,P010,2025-02-10,1
S0070,C032,P017,2025-02-10,5
S0071,C033,P011,2025-02-10,1
S0072,C006,P025,2025-02-11,1
S0073,C029,P011,2025-02-11,2
S0074,C004,P012,2025-02-12,4
S0075,C022,P005,2025-02-12,1
S0076,C027,P017,2025-02-12,2
S0077,C033,P010,2025-02-12,1
S0078,C033,P017,2025-02-12,1
S0079,C005,P023,2025-02-13,1
S0080,C013,P002,2025-02-13,2
S0081,C018,P017,2025-02-13,1
S0082,C037,P015,2025-02-13,2
S0083,C006,P022,2025-02-15,1
S0084,C009,P001,2025-02-15,2
S0085,C012,P002,2025-02-15,1
S0086,C028,P012,2025-02-15,1
S0087,C024,P018,2025-02-16,1
S0088,C027,P014,2025-02-16,2
S0089,C028,P005,2025-02-16,1
S0090,C035,P012,2025-02-16,4
S0091,C038,P025,2025-02-16,1
S0092,C001,P012,2025-02-17,3
S0093,C014,P004,2025-02-17,1
S0094,C028,P016,2025-02-17,3
S0095,C038,P021,2025-02-17,3
S0096,C019,P003,2025-02-18,1
S0097,C020,P013,2025-02-18,2
S0098,C032,P015,2025-02-18,4
S0099,C006,P017,2025-02-19,1
S0100,C017,P001,2025-02-20,1
S0101,C006,P011,2025-02-21,1
S0102,C012,P013,2025-02-21,3
S0103,C017,P015,2025-02-21,3
S0104,C019,P009,2025-02-21,1
S0105,C022,P019,2025-02-21,1
S0106,C038,P015,2025-02-21,3
S0107,C009,P003,2025-02-22,1
S0108,C031,P013,2025-02-22,2
S0109,C005,P020,2025-02-23,2
S0110,C015,P001,2025-02-23,2
S0111,C014,P020,2025-02-24,1
S0112,C016,P013,2025-02-24,2
S0113,C027,P001,2025-02-24,1
S0114,C001,P012,2025-02-25,1
S0115,C003,P010,2025-02-25,1
S0116,C006,P013,2025-02-25,2
S0117,C011,P012,2025-02-25,2
S0118,C023,P010,2025-02-25,1
S0119,C029,P019,2025-02-25,2
S0120,C002,P025,2025-02-26,2
S0121,C011,P016,2025-02-27,1
S0122,C011,P024,2025-02-27,1
S0123,C010,P013,2025-02-28,1
S0124,C011,P018,2025-02-28,1
S0125,C023,P003,2025-02-28,1
S0126,C039,P017,2025-02-28,2
S0127,C005,P015,2025-03-01,2
S0128,C006,P025,2025-03-01,4
S0129,C028,P021,2025-03-01,1
S0130,C030,P012,2025-03-01,2
S0131,C034,P013,2025-03-02,1
S0132,C013,P017,2025-03-03,2
S0133,C019,P012,2025-03-03,4
S0134,C005,P009,2025-03-04,1
S0135,C017,P017,2025-03-06,2
S0136,C040,P014,2025-03-06,2
S0137,C040,P020,2025-03-06,1
S0138,C011,P025,2025-03-08,3
S0139,C013,P025,2025-03-08,2
S0140,C016,P001,2025-03-08,1
S0141,C005,P021,2025-03-09,3
S0142,C036,P004,2025-03-09,1
S0143,C001,P003,2025-03-10,1
S0144,C013,P012,2025-03-10,2
S0145,C017,P003,2025-03-10,1
S0146,C023,P014,2025-03-10,2
S0147,C023,P024,2025-03-10,2
S0148,C040,P013,2025-03-10,2
S0149,C007,P016,2025-03-11,1
S0150,C016,P025,2025-03-12,1
S0151,C004,P003,2025-03-13,1
S0152,C007,P014,2025-03-13,1
S0153,C028,P007,2025-03-13,1
S0154,C004,P020,2025-03-14,1
S0155,C020,P002,2025-03-14,1
S0156,C027,P023,2025-03-14,1
S0157,C037,P016,2025-03-15,1
S0158,C036,P012,2025-03-17,2
S0159,C003,P010,2025-03-18,1
S0160,C011,P013,2025-03-18,2
S0161,C013,P013,2025-03-18,1
S0162,C027,P002,2025-03-18,2
S0163,C030,P016,2025-03-19,2
S0164,C006,P012,2025-03-20,1
S0165,C013,P010,2025-03-20,2
S0166,C023,P020,2025-03-20,1
S0167,C005,P019,2025-03-21,1
S0168,C001,P015,2025-03-22,4
S0169,C004,P002,2025-03-22,1
S0170,C005,P017,2025-03-23,3
S0171,C033,P001,2025-03-23,1
S0172,C033,P003,2025-03-23,1
S0173,C001,P019,2025-03-24,1
S0174,C013,P003,2025-03-24,1
S0175,C015,P022,2025-03-24,1
S0176,C017,P014,2025-03-24,3
S0177,C005,P012,2025-03-25,3
S0178,C007,P003,2025-03-25,1
S0179,C019,P020,2025-03-25,1
S0180,C021,P010,2025-03-26,2
S0181,C036,P023,2025-03-26,5
S0182,C003,P021,2025-03-27,1
S0183,C019,P013,2025-03-27,2
S0184,C029,P013,2025-03-27,1
S0185,C029,P019,2025-03-27,2
S0186,C038,P021,2025-03-27,2
S0187,C032,P025,2025-03-28,1
S0188,C002,P017,2025-03-30,4
S0189,C009,P012,2025-03-31,1
S0190,C024,P018,2025-03-31,2
S0191,C040,P009,2025-03-31,1
S0192,C040,P014,2025-03-31,1
S0193,C006,P020,2025-04-01,1
S0194,C021,P024,2025-04-01,1
S0195,C030,P011,2025-04-01,2
S0196,C001,P018,2025-04-02,1
S0197,C007,P009,2025-04-02,1
S0198,C019,P024,2025-04-02,1
S0199,C006,P021,2025-04-03,2
S0200,C023,P015,2025-04-07,3
S0201,C035,P009,2025-04-08,1
S0202,C029,P015,2025-04-09,4
S0203,C039,P002,2025-04-10,2
S0204,C017,P025,2025-04-11,2
S0205,C022,P012,2025-04-11,1
S0206,C003,P025,2025-04-12,2
S0207,C028,P009,2025-04-12,1
S0208,C032,P009,2025-04-12,1
S0209,C032,P016,2025-04-12,2
S0210,C002,P008,2025-04-13,1
S0211,C022,P018,2025-04-13,2
S0212,C037,P013,2025-04-13,1
S0213,C039,P002,2025-04-13,1
S0214,C011,P013,2025-04-14,1
S0215,C011,P014,2025-04-14,2
S0216,C018,P013,2025-04-15,3
S0217,C019,P016,2025-04-16,3
S0218,C030,P012,2025-04-16,1
S0219,C006,P015,2025-04-17,2
S0220,C012,P011,2025-04-17,1
S0221,C025,P018,2025-04-17,1
S0222,C038,P012,2025-04-17,3
S0223,C007,P019,2025-04-18,1
S0224,C035,P011,2025-04-18,1
S0225,C003,P021,2025-04-20,2
S0226,C040,P002,2025-04-20,1
S0227,C002,P018,2025-04-21,2
S0228,C031,P007,2025-04-21,1
S0229,C037,P015,2025-04-21,4
S0230,C012,P017,2025-04-22,4
S0231,C030,P015,2025-04-22,2
S0232,C025,P009,2025-04-23,1
S0233,C032,P003,2025-04-24,1
S0234,C038,P025,2025-04-24,1
S0235,C003,P018,2025-04-26,3
S0236,C005,P010,2025-04-26,2
S0237,C011,P013,2025-04-26,2
S0238,C022,P009,2025-04-26,1
S0239,C024,P018,2025-04-26,1
S0240,C028,P025,2025-04-27,5
S0241,C003,P016,2025-04-28,1
S0242,C019,P012,2025-04-28,1
S0243,C002,P009,2025-04-30,1
S0244,C030,P013,2025-04-30,3
S0245,C037,P012,2025-05-01,1
S0246,C023,P015,2025-05-02,1
S0247,C027,P019,2025-05-03,1
S0248,C028,P012,2025-05-03,1
S0249,C029,P012,2025-05-03,3
S0250,C032,P013,2025-05-03,1
S0251,C036,P025,2025-05-03,1
S0252,C017,P013,2025-05-04,1
S0253,C004,P022,2025-05-05,1
S0254,C035,P025,2025-05-05,1
S0255,C037,P023,2025-05-05,1
S0256,C002,P021,2025-05-06,1
S0257,C015,P002,2025-05-06,1
S0258,C033,P020,2025-05-07,2
S0259,C036,P013,2025-05-07,1
S0260,C001,P001,2025-05-08,2
S0261,C004,P017,2025-05-08,2
S0262,C021,P012,2025-05-08,4
S0263,C023,P012,2025-05-10,2
S0264,C025,P001,2025-05-10,2
S0265,C022,P012,2025-05-11,2
S0266,C006,P001,2025-05-13,1
S0267,C023,P012,2025-05-14,3
S0268,C017,P015,2025-05-15,3
S0269,C008,P012,2025-05-16,1
S0270,C008,P016,2025-05-16,1
S0271,C016,P012,2025-05-16,3
S0272,C037,P022,2025-05-16,1
S0273,C006,P004,2025-05-18,1
S0274,C009,P018,2025-05-18,1
S0275,C019,P020,2025-05-18,2
S0276,C027,P012,2025-05-18,1
S0277,C023,P012,2025-05-19,1
S0278,C020,P015,2025-05-21,2
S0279,C025,P002,2025-05-21,1
S0280,C027,P001,2025-05-21,1
S0281,C029,P017,2025-05-21,1
S0282,C031,P011,2025-05-21,1
S0283,C038,P017,2025-05-21,2
S0284,C025,P002,2025-05-22,1
S0285,C027,P002,2025-05-22,1
S0286,C014,P014,2025-05-23,1
S0287,C020,P017,2025-05-23,2
S0288,C036,P025,2025-05-23,2
S0289,C009,P022,2025-05-24,3
S0290,C034,P011,2025-05-24,2
S0291,C030,P005,2025-05-25,1
S0292,C008,P010,2025-05-26,1
S0293,C032,P005,2025-05-27,1
S0294,C011,P004,2025-05-28,1
S0295,C022,P003,2025-05-28,1
S0296,C031,P019,2025-05-29,1
S0297,C031,P021,2025-05-29,1
S0298,C032,P005,2025-05-29,1
S0299,C034,P011,2025-05-29,1
S0300,C009,P012,2025-05-30,1
S0301,C019,P016,2025-05-30,1
S0302,C020,P006,2025-05-30,1
S0303,C035,P014,2025-05-30,1
S0304,C022,P017,2025-06-02,1
S0305,C033,P017,2025-06-02,2
S0306,C035,P018,2025-06-02,3
S0307,C039,P010,2025-06-02,3
S0308,C006,P010,2025-06-03,1
S0309,C006,P013,2025-06-03,2
S0310,C017,P002,2025-06-03,3
S0311,C022,P017,2025-06-03,1
S0312,C023,P009,2025-06-03,2
S0313,C023,P011,2025-06-03,1
S0314,C027,P009,2025-06-03,1
S0315,C029,P012,2025-06-03,3
S0316,C017,P005,2025-06-04,1
S0317,C017,P011,2025-06-05,1
S0318,C023,P004,2025-06-05,1
S0319,C025,P016,2025-06-05,2
S0320,C006,P012,2025-06-06,3
S0321,C040,P013,2025-06-07,1
S0322,C022,P012,2025-06-08,1
S0323,C024,P024,2025-06-08,1
S0324,C029,P011,2025-06-08,1
S0325,C039,P023,2025-06-10,1
S0326,C003,P020,2025-06-11,1
S0327,C005,P011,2025-06-11,1
S0328,C009,P018,2025-06-11,2
S0329,C038,P015,2025-06-11,2
S0330,C028,P014,2025-06-12,4
S0331,C034,P002,2025-06-12,1
S0332,C003,P006,2025-06-13,1
S0333,C012,P010,2025-06-13,1
S0334,C035,P011,2025-06-13,1
S0335,C017,P001,2025-06-14,1
S0336,C030,P013,2025-06-14,4
S0337,C040,P004,2025-06-14,1
S0338,C025,P022,2025-06-15,1
S0339,C034,P016,2025-06-15,3
S0340,C038,P015,2025-06-15,2
S0341,C006,P012,2025-06-16,2
S0342,C040,P019,2025-06-16,2
S0343,C007,P010,2025-06-17,1
S0344,C012,P021,2025-06-17,2
S0345,C026,P024,2025-06-17,1
S0346,C039,P012,2025-06-17,1
S0347,C024,P015,2025-06-18,2
S0348,C005,P023,2025-06-19,4
S0349,C023,P021,2025-06-19,3
S0350,C036,P013,2025-06-19,2
S0351,C019,P004,2025-06-20,1
S0352,C037,P021,2025-06-20,2
S0353,C040,P002,2025-06-20,1
S0354,C023,P003,2025-06-21,2
S0355,C006,P025,2025-06-22,1
S0356,C023,P025,2025-06-22,3
S0357,C029,P001,2025-06-22,1
S0358,C004,P012,2025-06-23,1
S0359,C004,P013,2025-06-23,1
S0360,C020,P020,2025-06-23,2
S0361,C029,P012,2025-06-23,1
S0362,C008,P020,2025-06-24,2
S0363,C012,P013,2025-06-24,1
S0364,C025,P020,2025-06-24,4
S0365,C027,P013,2025-06-24,1
S0366,C007,P023,2025-06-25,2
S0367,C023,P013,2025-06-25,3
S0368,C032,P014,2025-06-28,2
S0369,C001,P014,2025-06-29,1
S0370,C033,P016,2025-06-29,2
S0371,C017,P004,2025-06-30,1
S0372,C023,P013,2025-06-30,2
S0373,C032,P009,2025-06-30,1
S0374,C040,P016,2025-06-30,2
S0375,C023,P017,2025-07-01,3
S0376,C040,P014,2025-07-02,1
S0377,C017,P014,2025-07-03,1
S0378,C033,P021,2025-07-03,1
S0379,C001,P012,2025-07-04,1
S0380,C020,P003,2025-07-05,1
S0381,C026,P022,2025-07-05,1
S0382,C038,P016,2025-07-05,1
S0383,C005,P019,2025-07-07,2
S0384,C019,P018,2025-07-10,2
S0385,C018,P012,2025-07-11,5
S0386,C020,P016,2025-07-11,1
S0387,C023,P023,2025-07-12,3
S0388,C027,P016,2025-07-12,2
S0389,C022,P025,2025-07-13,1
S0390,C006,P012,2025-07-14,1
S0391,C007,P016,2025-07-14,2
S0392,C024,P006,2025-07-14,1
S0393,C030,P006,2025-07-14,1
S0394,C031,P003,2025-07-14,1
S0395,C007,P016,2025-07-15,1
S0396,C017,P012,2025-07-15,2
S0397,C032,P019,2025-07-15,2
S0398,C004,P011,2025-07-16,1
S0399,C004,P016,2025-07-16,2
S0400,C023,P018,2025-07-16,1
S0401,C016,P011,2025-07-17,2
S0402,C016,P012,2025-07-18,2
S0403,C016,P023,2025-07-18,1
S0404,C023,P025,2025-07-18,3
S0405,C032,P005,2025-07-19,1
S0406,C017,P024,2025-07-22,1
S0407,C023,P022,2025-07-22,2
S0408,C028,P013,2025-07-22,1
S0409,C033,P018,2025-07-22,1
S0410,C011,P002,2025-07-23,1
S0411,C035,P020,2025-07-23,2
S0412,C037,P006,2025-07-23,1
S0413,C005,P012,2025-07-24,4
S0414,C018,P020,2025-07-24,1
S0415,C006,P016,2025-07-25,1
S0416,C031,P012,2025-07-25,2
S0417,C034,P007,2025-07-25,1
S0418,C037,P006,2025-07-25,1
S0419,C003,P021,2025-07-26,4
S0420,C011,P004,2025-07-26,1
S0421,C039,P023,2025-07-26,1
S0422,C017,P017,2025-07-27,3
S0423,C019,P013,2025-07-27,1
S0424,C033,P002,2025-07-27,1
S0425,C004,P013,2025-07-28,3
S0426,C028,P010,2025-07-29,2
S0427,C028,P020,2025-07-29,1
S0428,C033,P005,2025-07-29,1
S0429,C010,P011,2025-07-30,1
S0430,C029,P011,2025-07-30,3
S0431,C030,P012,2025-07-30,3
S0432,C036,P001,2025-07-31,1
S0433,C018,P014,2025-08-01,3
S0434,C014,P003,2025-08-02,1
S0435,C023,P017,2025-08-02,2
S0436,C004,P012,2025-08-03,4
S0437,C005,P013,2025-08-03,3
S0438,C028,P014,2025-08-03,2
S0439,C029,P017,2025-08-03,2
S0440,C038,P021,2025-08-03,3
S0441,C031,P012,2025-08-04,1
S0442,C008,P002,2025-08-05,1
S0443,C015,P004,2025-08-05,1
S0444,C036,P024,2025-08-05,1
S0445,C004,P013,2025-08-06,2
S0446,C031,P006,2025-08-07,1
S0447,C006,P013,2025-08-08,3
S0448,C012,P016,2025-08-08,2
S0449,C030,P012,2025-08-08,1
S0450,C037,P012,2025-08-08,1
S0451,C036,P013,2025-08-09,3
S0452,C003,P024,2025-08-10,1
S0453,C022,P002,2025-08-10,1
S0454,C027,P016,2025-08-11,1
S0455,C013,P025,2025-08-12,4
S0456,C010,P013,2025-08-13,2
S0457,C020,P015,2025-08-13,1
S0458,C026,P023,2025-08-13,1
S0459,C035,P017,2025-08-13,1
S0460,C028,P015,2025-08-14,1
S0461,C036,P021,2025-08-14,4
S0462,C001,P010,2025-08-15,2
S0463,C006,P002,2025-08-15,2
S0464,C010,P024,2025-08-15,2
S0465,C024,P025,2025-08-15,3
S0466,C027,P013,2025-08-15,2
S0467,C003,P004,2025-08-16,1
S0468,C005,P017,2025-08-16,1
S0469,C027,P021,2025-08-16,1
S0470,C001,P012,2025-08-17,4
S0471,C014,P011,2025-08-17,1
S0472,C026,P004,2025-08-18,2
S0473,C027,P012,2025-08-19,2
S0474,C032,P022,2025-08-19,1
S0475,C039,P009,2025-08-19,2
S0476,C002,P013,2025-08-20,2
S0477,C029,P012,2025-08-20,3
S0478,C035,P012,2025-08-20,1
S0479,C001,P014,2025-08-21,3
S0480,C011,P019,2025-08-21,1
S0481,C032,P018,2025-08-23,3
S0482,C002,P016,2025-08-24,4
S0483,C036,P009,2025-08-24,2
S0484,C001,P021,2025-08-25,1
S0485,C022,P009,2025-08-25,3
S0486,C038,P005,2025-08-25,1
S0487,C033,P017,2025-08-26,1
S0488,C035,P013,2025-08-26,5
S0489,C009,P017,2025-08-27,2
S0490,C015,P010,2025-08-27,1
S0491,C028,P023,2025-08-27,2
S0492,C019,P014,2025-08-29,1
S0493,C035,P018,2025-08-29,1
S0494,C037,P013,2025-08-29,1
S0495,C005,P012,2025-08-30,3
S0496,C040,P024,2025-08-30,1
S0497,C001,P006,2025-08-31,1
S0498,C005,P012,2025-08-31,1
S0499,C024,P006,2025-08-31,1
S0500,C032,P002,2025-08-31,2
S0501,C040,P017,2025-08-31,2
S0502,C009,P023,2025-09-01,4
S0503,C023,P009,2025-09-01,1
S0504,C012,P016,2025-09-02,3
S0505,C013,P002,2025-09-02,2
S0506,C023,P025,2025-09-02,1
S0507,C035,P017,2025-09-02,2
S0508,C003,P013,2025-09-03,3
S0509,C003,P025,2025-09-03,2
S0510,C005,P012,2025-09-03,4
S0511,C030,P018,2025-09-03,3
S0512,C039,P002,2025-09-03,1
S0513,C010,P021,2025-09-05,2
S0514,C012,P025,2025-09-05,3
S0515,C037,P003,2025-09-05,1
S0516,C016,P012,2025-09-06,5
S0517,C035,P016,2025-09-06,3
S0518,C037,P013,2025-09-07,1
S0519,C015,P021,2025-09-08,4
S0520,C022,P013,2025-09-08,1
S0521,C030,P020,2025-09-08,2
S0522,C037,P017,2025-09-08,4
S0523,C040,P015,2025-09-08,1
S0524,C005,P021,2025-09-09,1
S0525,C008,P016,2025-09-09,1
S0526,C036,P002,2025-09-09,1
S0527,C039,P016,2025-09-09,3
S0528,C005,P022,2025-09-10,1
S0529,C008,P005,2025-09-10,1
S0530,C028,P012,2025-09-11,1
S0531,C032,P015,2025-09-11,1
S0532,C039,P014,2025-09-11,2
S0533,C012,P020,2025-09-12,1
S0534,C017,P025,2025-09-12,1
S0535,C019,P004,2025-09-12,1
S0536,C040,P023,2025-09-12,4
S0537,C007,P016,2025-09-14,1
S0538,C020,P011,2025-09-14,1
S0539,C013,P003,2025-09-15,1
S0540,C021,P003,2025-09-15,1
S0541,C001,P024,2025-09-16,2
S0542,C002,P009,2025-09-16,1
S0543,C019,P017,2025-09-16,2
S0544,C026,P021,2025-09-17,1
S0545,C032,P013,2025-09-17,1
S0546,C039,P014,2025-09-17,2
S0547,C013,P014,2025-09-18,2
S0548,C029,P014,2025-09-19,1
S0549,C031,P010,2025-09-20,1
S0550,C036,P020,2025-09-21,1
S0551,C037,P003,2025-09-21,1
S0552,C020,P012,2025-09-22,3
S0553,C028,P012,2025-09-22,1
S0554,C029,P014,2025-09-22,2
S0555,C039,P017,2025-09-22,1
S0556,C039,P021,2025-09-23,3
S0557,C018,P003,2025-09-24,1
S0558,C022,P006,2025-09-24,1
S0559,C023,P021,2025-09-24,3
S0560,C038,P022,2025-09-24,2
S0561,C032,P009,2025-09-25,2
S0562,C032,P016,2025-09-25,1
S0563,C029,P013,2025-09-26,1
S0564,C006,P003,2025-09-27,2
S0565,C006,P007,2025-09-27,1
S0566,C009,P009,2025-09-27,1
S0567,C028,P016,2025-09-27,1
S0568,C007,P014,2025-09-28,5
S0569,C021,P016,2025-09-28,1
S0570,C025,P012,2025-09-28,2
S0571,C032,P014,2025-09-28,1
S0572,C010,P017,2025-09-29,1
S0573,C031,P014,2025-09-29,2
S0574,C029,P017,2025-10-01,3
S0575,C038,P025,2025-10-01,2
S0576,C008,P020,2025-10-02,2
S0577,C016,P022,2025-10-02,2
S0578,C017,P014,2025-10-02,4
S0579,C018,P013,2025-10-03,2
S0580,C021,P017,2025-10-03,2
S0581,C037,P020,2025-10-03,2
S0582,C004,P017,2025-10-04,4
S0583,C018,P008,2025-10-04,1
S0584,C028,P011,2025-10-05,2
S0585,C040,P006,2025-10-05,1
S0586,C013,P013,2025-10-06,1
S0587,C020,P012,2025-10-06,4
S0588,C022,P016,2025-10-06,5
S0589,C028,P010,2025-10-06,1
S0590,C032,P012,2025-10-06,1
S0591,C005,P018,2025-10-07,2
S0592,C016,P005,2025-10-07,1
S0593,C019,P001,2025-10-07,1
S0594,C025,P020,2025-10-07,1
S0595,C021,P020,2025-10-08,1
S0596,C023,P002,2025-10-08,1
S0597,C012,P014,2025-10-09,2
S0598,C012,P025,2025-10-09,1
S0599,C018,P002,2025-10-09,1
S0600,C025,P013,2025-10-09,3
S0601,C004,P009,2025-10-10,1
S0602,C017,P020,2025-10-10,4
S0603,C028,P012,2025-10-10,1
S0604,C003,P001,2025-10-11,1
S0605,C011,P003,2025-10-11,1
S0606,C023,P002,2025-10-11,1
S0607,C028,P012,2025-10-11,2
S0608,C004,P009,2025-10-13,1
S0609,C004,P013,2025-10-13,2
S0610,C006,P017,2025-10-13,1
S0611,C027,P005,2025-10-13,1
S0612,C040,P025,2025-10-13,3
S0613,C005,P010,2025-10-14,1
S0614,C009,P013,2025-10-14,2
S0615,C005,P021,2025-10-15,3
S0616,C027,P006,2025-10-15,1
S0617,C033,P023,2025-10-15,2
S0618,C005,P013,2025-10-16,2
S0619,C017,P004,2025-10-16,2
S0620,C026,P013,2025-10-16,2
S0621,C029,P016,2025-10-16,3
S0622,C006,P014,2025-10-17,1
S0623,C027,P010,2025-10-17,2
S0624,C034,P002,2025-10-18,1
S0625,C039,P012,2025-10-18,2
S0626,C013,P018,2025-10-19,2
S0627,C040,P012,2025-10-19,5
S0628,C005,P024,2025-10-20,1
S0629,C013,P020,2025-10-20,2
S0630,C030,P016,2025-10-20,1
S0631,C009,P013,2025-10-21,3
S0632,C009,P017,2025-10-22,1
S0633,C004,P025,2025-10-23,1
S0634,C008,P019,2025-10-23,1
S0635,C029,P017,2025-10-23,1
S0636,C031,P020,2025-10-23,3
S0637,C012,P025,2025-10-24,1
S0638,C027,P025,2025-10-24,3
S0639,C019,P018,2025-10-25,1
S0640,C021,P014,2025-10-25,1
S0641,C027,P016,2025-10-25,2
S0642,C006,P015,2025-10-26,4
S0643,C027,P016,2025-10-26,4
S0644,C006,P010,2025-10-27,1
S0645,C008,P019,2025-10-27,1
S0646,C023,P010,2025-10-27,1
S0647,C022,P025,2025-10-29,1
S0648,C032,P009,2025-10-29,1
S0649,C026,P021,2025-10-31,3
S0650,C035,P006,2025-10-31,1
S0651,C023,P014,2025-11-02,1
S0652,C024,P018,2025-11-02,1
S0653,C029,P012,2025-11-02,2
S0654,C031,P023,2025-11-04,1
S0655,C003,P012,2025-11-06,3
S0656,C020,P008,2025-11-07,1
S0657,C023,P010,2025-11-07,1
S0658,C003,P015,2025-11-09,2
S0659,C029,P003,2025-11-09,1
S0660,C029,P025,2025-11-09,3
S0661,C037,P005,2025-11-10,1
S0662,C031,P003,2025-11-11,1
S0663,C040,P020,2025-11-11,2
S0664,C028,P023,2025-11-12,2
S0665,C020,P014,2025-11-13,2
S0666,C039,P006,2025-11-13,1
S0667,C010,P016,2025-11-14,2
S0668,C010,P016,2025-11-15,1
S0669,C039,P024,2025-11-16,2
S0670,C004,P020,2025-11-17,1
S0671,C011,P009,2025-11-17,1
S0672,C016,P018,2025-11-17,1
S0673,C003,P003,2025-11-18,1
S0674,C003,P017,2025-11-18,3
S0675,C028,P008,2025-11-18,1
S0676,C027,P006,2025-11-21,1
S0677,C032,P002,2025-11-21,1
S0678,C038,P002,2025-11-21,1
S0679,C019,P002,2025-11-23,1
S0680,C028,P013,2025-11-24,1
S0681,C036,P014,2025-11-24,2
S0682,C005,P010,2025-11-25,1
S0683,C020,P025,2025-11-26,3
S0684,C023,P001,2025-11-26,2
S0685,C030,P023,2025-11-26,5
S0686,C031,P017,2025-11-26,3
S0687,C011,P024,2025-11-28,1
S0688,C025,P020,2025-11-28,1
S0689,C035,P012,2025-11-28,1
S0690,C015,P017,2025-11-29,1
S0691,C027,P025,2025-11-30,1
S0692,C003,P014,2025-12-01,1
S0693,C035,P017,2025-12-01,2
S0694,C007,P005,2025-12-02,2
S0695,C038,P012,2025-12-02,2
S0696,C032,P012,2025-12-03,3
S0697,C034,P003,2025-12-03,1
S0698,C010,P018,2025-12-04,1
S0699,C030,P023,2025-12-04,2
S0700,C036,P009,2025-12-04,1
S0701,C002,P014,2025-12-05,2
S0702,C018,P014,2025-12-05,2
S0703,C030,P014,2025-12-05,3
S0704,C030,P019,2025-12-05,1
S0705,C032,P016,2025-12-05,3
S0706,C035,P013,2025-12-06,2
S0707,C005,P009,2025-12-07,1
S0708,C007,P019,2025-12-10,1
S0709,C010,P012,2025-12-10,2
S0710,C028,P024,2025-12-10,1
S0711,C029,P017,2025-12-10,1
S0712,C012,P012,2025-12-11,3
S0713,C018,P024,2025-12-11,2
S0714,C024,P013,2025-12-11,1
S0715,C002,P025,2025-12-13,4
S0716,C035,P012,2025-12-13,3
S0717,C035,P019,2025-12-13,1
S0718,C016,P020,2025-12-14,1
S0719,C017,P013,2025-12-14,2
S0720,C005,P009,2025-12-15,1
S0721,C012,P025,2025-12-15,1
S0722,C017,P024,2025-12-15,1
S0723,C003,P010,2025-12-16,2
S0724,C027,P015,2025-12-17,3
S0725,C027,P020,2025-12-17,3
S0726,C038,P012,2025-12-17,2
S0727,C036,P003,2025-12-18,1
S0728,C006,P022,2025-12-19,1
S0729,C018,P013,2025-12-19,2
S0730,C021,P022,2025-12-20,2
S0731,C036,P017,2025-12-21,2
S0732,C020,P005,2025-12-22,1
S0733,C025,P017,2025-12-22,1
S0734,C008,P007,2025-12-23,1
S0735,C017,P019,2025-12-23,2
S0736,C023,P009,2025-12-23,1
S0737,C003,P020,2025-12-25,2
S0738,C016,P011,2025-12-25,3
S0739,C021,P013,2025-12-26,2
S0740,C025,P003,2025-12-26,1
S0741,C030,P012,2025-12-26,1
S0742,C033,P010,2025-12-26,2
S0743,C037,P014,2025-12-26,1
S0744,C016,P016,2025-12-27,4
S0745,C033,P011,2025-12-27,1
S0746,C027,P020,2025-12-29,1
S0747,C030,P004,2025-12-29,1
S0748,C035,P009,2025-12-29,1
S0749,C005,P025,2025-12-30,2
S0750,C013,P006,2025-12-30,2
